<?xml version="1.0" encoding="utf-8"?>
<SimulationData xsi:noNamespaceSchemaLocation="../schemas/simulation.xsd"
xmlns:xsi="http://www.w3.org/2001/XMLSchema-instance">
  <SimulationProfile>
    <StartTime>2000,1,1,0,0,0</StartTime>
    <EndTime>2001,1,1,0,0,0</EndTime>
    <TokensInBundle>1</TokensInBundle>
    <TotalTokens>100</TotalTokens>
    <CostPerToken>0</CostPerToken>
    <TimeBetweenBundles>600</TimeBetweenBundles>
  </SimulationProfile>
  <Tasks>
    <Task>
      <Id>53</Id>
      <ResourceWaitTime>0</ResourceWaitTime>
      <ProcessingTime>1200</ProcessingTime>
      <ResourceType>CLERK</ResourceType>
    </Task>
    <Task>
      <Id>67</Id>
      <ResourceWaitTime>0</ResourceWaitTime>
      <ProcessingTime>600</ProcessingTime>
      <ResourceType>CLERK</ResourceType>
    </Task>
    <Task>
      <Id>69</Id>
      <ResourceWaitTime>0</ResourceWaitTime>
      <ProcessingTime>1200</ProcessingTime>
      <ResourceType>CLERK</ResourceType>
    </Task>
  </Tasks>
  <Gateways>
    <Gateway>
      <Id>48</Id>
      <GateRefs>
        <GateRef>
          <IdRef>58</IdRef>
          <Probability>20</Probability>
        </GateRef>
        <GateRef>
          <IdRef>62</IdRef>
          <Probability>80</Probability>
        </GateRef>
      </GateRefs>
    </Gateway>
    <Gateway>
      <Id>49</Id>
      <GateRefs>
        <GateRef>
          <IdRef>70</IdRef>
          <Probability>70</Probability>
        </GateRef>
        <GateRef>
          <IdRef>72</IdRef>
          <Probability>30</Probability>
        </GateRef>
      </GateRefs>
    </Gateway>
  </Gateways>
  <MessageEvents>
  <MessageEvent>
  <Id>64</Id>
  <Time>5400</Time>
  </MessageEvent>
  <MessageEvent>
  <Id>65</Id>
  <Time>5400</Time>
  </MessageEvent>
  </MessageEvents>
  <Resources>
    <Resource>
      <ResourceType>CLERK</ResourceType>
      <ResourceAmount>4</ResourceAmount>
    </Resource>
  </Resources>
</SimulationData>