<?xml version="1.0" encoding="UTF-8"?>
<SimulationData xsi:noNamespaceSchemaLocation="../schemas/simulation.xsd" xmlns:xsi="http://www.w3.org/2001/XMLSchema-instance">
<SimulationProfile>
		<StartTime>2000,1,1,0,0,0</StartTime>
		<EndTime>2005,1,1,0,0,0</EndTime>
		<TokensInBundle>4</TokensInBundle>
		<TotalTokens>40</TotalTokens>
		<CostPerToken>1</CostPerToken>
		<TimeBetweenBundles>100</TimeBetweenBundles>
	</SimulationProfile>	
	<Tasks>
	</Tasks>
	<Gateways>
		<Gateway>
			<Id>151</Id>
			<GateRefs>
				<GateRef>
					<IdRef>137</IdRef>
					<Probability>75</Probability>
				</GateRef>
				<GateRef>
					<IdRef>148</IdRef>
					<Probability>25</Probability>
				</GateRef>
			</GateRefs>
		</Gateway>
	</Gateways>
</SimulationData>
