<?xml version="1.0" encoding="UTF-8"?>
<SimulationData xsi:noNamespaceSchemaLocation="../schemas/simulation.xsd" xmlns:xsi="http://www.w3.org/2001/XMLSchema-instance">
<SimulationProfile>
		<StartTime>2000,1,1,0,0,0</StartTime>
		<EndTime>2005,1,1,0,0,0</EndTime>
		<TokensInBundle>1</TokensInBundle>
		<TotalTokens>100</TotalTokens>
		<CostPerToken>1</CostPerToken>
		<TimeBetweenBundles>100</TimeBetweenBundles>
	</SimulationProfile>	
		<Gateways>
		<Gateway>
			<Id>333</Id>
			<GateRefs>
				<GateRef>
					<IdRef>343</IdRef>
					<Probability>75</Probability>
				</GateRef>
				<GateRef>
					<IdRef>341</IdRef>
					<Probability>25</Probability>
				</GateRef>
			</GateRefs>
		</Gateway>
	</Gateways>
</SimulationData>
